{
  "total_vehicles_processed": 18,
  "average_queue_length": 7.586206896551724,
  "ai_decisions_made": 29,
  "efficiency_score": 84.82758620689656,
  "timestamp": "2025-09-11T20:42:23.245122"
}