{
  "analysis_data": {
    "vehicle_counts": [
      20,
      21,
      19,
      16,
      18,
      19,
      23,
      19,
      19,
      19,
      28,
      21,
      22,
      13,
      21,
      17,
      21,
      22,
      23,
      22,
      18,
      23,
      21,
      23,
      24,
      24,
      20,
      16,
      16,
      16,
      20,
      23,
      25,
      21,
      18,
      17,
      23,
      27,
      21,
      24,
      21,
      25,
      28,
      23,
      20,
      23,
      24,
      20,
      20,
      22,
      21,
      20,
      20,
      20,
      18,
      23,
      19,
      25,
      26,
      28,
      20
    ],
    "traffic_phases": [
      0,
      0,
      0,
      1,
      1,
      1,
      2,
      2,
      2,
      3,
      3,
      3,
      0,
      0,
      0,
      1,
      1,
      1,
      2,
      2,
      2,
      3,
      3,
      3,
      0,
      0,
      0,
      1,
      1,
      1,
      2,
      2,
      2,
      3,
      3,
      3,
      0,
      0,
      0,
      1,
      1,
      1,
      2,
      2,
      2,
      3,
      3,
      3,
      0,
      0,
      0,
      1,
      1,
      1,
      2,
      2,
      2,
      3,
      3,
      3,
      0
    ],
    "waiting_times": [
      50.0,
      52.5,
      47.5,
      40.0,
      45.0,
      47.5,
      57.5,
      47.5,
      47.5,
      47.5,
      70.0,
      52.5,
      55.0,
      32.5,
      52.5,
      42.5,
      52.5,
      55.0,
      57.5,
      55.0,
      45.0,
      57.5,
      52.5,
      57.5,
      60.0,
      60.0,
      50.0,
      40.0,
      40.0,
      40.0,
      50.0,
      57.5,
      62.5,
      52.5,
      45.0,
      42.5,
      57.5,
      67.5,
      52.5,
      60.0,
      52.5,
      62.5,
      70.0,
      57.5,
      50.0,
      57.5,
      60.0,
      50.0,
      50.0,
      55.0,
      52.5,
      50.0,
      50.0,
      50.0,
      45.0,
      57.5,
      47.5,
      62.5,
      65.0,
      70.0,
      50.0
    ],
    "flow_rates": [
      16.0,
      16.8,
      15.200000000000001,
      12.8,
      14.4,
      15.200000000000001,
      18.400000000000002,
      15.200000000000001,
      15.200000000000001,
      15.200000000000001,
      20,
      16.8,
      17.6,
      10.4,
      16.8,
      13.600000000000001,
      16.8,
      17.6,
      18.400000000000002,
      17.6,
      14.4,
      18.400000000000002,
      16.8,
      18.400000000000002,
      19.200000000000003,
      19.200000000000003,
      16.0,
      12.8,
      12.8,
      12.8,
      16.0,
      18.400000000000002,
      20.0,
      16.8,
      14.4,
      13.600000000000001,
      18.400000000000002,
      20,
      16.8,
      19.200000000000003,
      16.8,
      20.0,
      20,
      18.400000000000002,
      16.0,
      18.400000000000002,
      19.200000000000003,
      16.0,
      16.0,
      17.6,
      16.8,
      16.0,
      16.0,
      16.0,
      14.4,
      18.400000000000002,
      15.200000000000001,
      20.0,
      20,
      20,
      16.0
    ],
    "intersection_activity": [
      {
        "north": 5,
        "south": 5,
        "east": 5,
        "west": 5
      },
      {
        "north": 5,
        "south": 5,
        "east": 5,
        "west": 5
      },
      {
        "north": 4,
        "south": 4,
        "east": 4,
        "west": 4
      },
      {
        "north": 4,
        "south": 4,
        "east": 4,
        "west": 4
      },
      {
        "north": 4,
        "south": 4,
        "east": 4,
        "west": 4
      },
      {
        "north": 4,
        "south": 4,
        "east": 4,
        "west": 4
      },
      {
        "north": 5,
        "south": 5,
        "east": 5,
        "west": 5
      },
      {
        "north": 4,
        "south": 4,
        "east": 4,
        "west": 4
      },
      {
        "north": 4,
        "south": 4,
        "east": 4,
        "west": 4
      },
      {
        "north": 4,
        "south": 4,
        "east": 4,
        "west": 4
      },
      {
        "north": 7,
        "south": 7,
        "east": 7,
        "west": 7
      },
      {
        "north": 5,
        "south": 5,
        "east": 5,
        "west": 5
      },
      {
        "north": 5,
        "south": 5,
        "east": 5,
        "west": 5
      },
      {
        "north": 3,
        "south": 3,
        "east": 3,
        "west": 3
      },
      {
        "north": 5,
        "south": 5,
        "east": 5,
        "west": 5
      },
      {
        "north": 4,
        "south": 4,
        "east": 4,
        "west": 4
      },
      {
        "north": 5,
        "south": 5,
        "east": 5,
        "west": 5
      },
      {
        "north": 5,
        "south": 5,
        "east": 5,
        "west": 5
      },
      {
        "north": 5,
        "south": 5,
        "east": 5,
        "west": 5
      },
      {
        "north": 5,
        "south": 5,
        "east": 5,
        "west": 5
      },
      {
        "north": 4,
        "south": 4,
        "east": 4,
        "west": 4
      },
      {
        "north": 5,
        "south": 5,
        "east": 5,
        "west": 5
      },
      {
        "north": 5,
        "south": 5,
        "east": 5,
        "west": 5
      },
      {
        "north": 5,
        "south": 5,
        "east": 5,
        "west": 5
      },
      {
        "north": 6,
        "south": 6,
        "east": 6,
        "west": 6
      },
      {
        "north": 6,
        "south": 6,
        "east": 6,
        "west": 6
      },
      {
        "north": 5,
        "south": 5,
        "east": 5,
        "west": 5
      },
      {
        "north": 4,
        "south": 4,
        "east": 4,
        "west": 4
      },
      {
        "north": 4,
        "south": 4,
        "east": 4,
        "west": 4
      },
      {
        "north": 4,
        "south": 4,
        "east": 4,
        "west": 4
      },
      {
        "north": 5,
        "south": 5,
        "east": 5,
        "west": 5
      },
      {
        "north": 5,
        "south": 5,
        "east": 5,
        "west": 5
      },
      {
        "north": 6,
        "south": 6,
        "east": 6,
        "west": 6
      },
      {
        "north": 5,
        "south": 5,
        "east": 5,
        "west": 5
      },
      {
        "north": 4,
        "south": 4,
        "east": 4,
        "west": 4
      },
      {
        "north": 4,
        "south": 4,
        "east": 4,
        "west": 4
      },
      {
        "north": 5,
        "south": 5,
        "east": 5,
        "west": 5
      },
      {
        "north": 6,
        "south": 6,
        "east": 6,
        "west": 6
      },
      {
        "north": 5,
        "south": 5,
        "east": 5,
        "west": 5
      },
      {
        "north": 6,
        "south": 6,
        "east": 6,
        "west": 6
      },
      {
        "north": 5,
        "south": 5,
        "east": 5,
        "west": 5
      },
      {
        "north": 6,
        "south": 6,
        "east": 6,
        "west": 6
      },
      {
        "north": 7,
        "south": 7,
        "east": 7,
        "west": 7
      },
      {
        "north": 5,
        "south": 5,
        "east": 5,
        "west": 5
      },
      {
        "north": 5,
        "south": 5,
        "east": 5,
        "west": 5
      },
      {
        "north": 5,
        "south": 5,
        "east": 5,
        "west": 5
      },
      {
        "north": 6,
        "south": 6,
        "east": 6,
        "west": 6
      },
      {
        "north": 5,
        "south": 5,
        "east": 5,
        "west": 5
      },
      {
        "north": 5,
        "south": 5,
        "east": 5,
        "west": 5
      },
      {
        "north": 5,
        "south": 5,
        "east": 5,
        "west": 5
      },
      {
        "north": 5,
        "south": 5,
        "east": 5,
        "west": 5
      },
      {
        "north": 5,
        "south": 5,
        "east": 5,
        "west": 5
      },
      {
        "north": 5,